statement,period,date,description,amount,direction,category,subcategory,note
135,2026-05-16..2026-06-17,2026-05-18,POS Purchase Frankie Fenner Meat,871.20,Dr,Groceries & Eating Out,Groceries,
135,2026-05-16..2026-06-17,2026-05-18,Prepaid Electricity 09001505313,1000.00,Dr,Home & Utilities,Electricity,
135,2026-05-16..2026-06-17,2026-05-18,FNB OB Coll Fnbinvest Xd3N58D14Q,2500.00,Dr,Savings & Investments,FNB Invest,Debited on the 17th/18th - falls twice in this statement period
135,2026-05-16..2026-06-17,2026-05-18,Monthly account service fee,625.00,Dr,Bank Charges & Interest,Service fee,
135,2026-05-16..2026-06-17,2026-05-22,POS Purchase Mr D,470.60,Dr,Groceries & Eating Out,Food delivery,
135,2026-05-16..2026-06-17,2026-05-23,Byc Debit 63026278118,1.20,Dr,Bank Charges & Interest,Misc bank debit,
135,2026-05-16..2026-06-17,2026-05-25,FNB App Payment From Salary,70000.00,Cr,Income,Salary,
135,2026-05-16..2026-06-17,2026-05-25,DebiCheck FNB Connect 8872638615,579.00,Dr,Connectivity & Subscriptions,FNB Connect,
135,2026-05-16..2026-06-17,2026-05-25,Internal D/O FNB Life Fl105Gz98,4106.61,Dr,Insurance & Medical,FNB Life,
135,2026-05-16..2026-06-17,2026-05-26,Magtape Credit Discovery Membership,2500.00,Cr,Income,Discovery refund,
135,2026-05-16..2026-06-17,2026-05-27,Scheduled Trf To Savings,9000.00,Dr,Savings & Investments,Savings transfer,
135,2026-05-16..2026-06-17,2026-05-27,FNB App Payment To Baby Mama,2500.00,Dr,Family Support,Child/family support,
135,2026-05-16..2026-06-17,2026-05-28,POS Purchase Woolworths,74.99,Dr,Groceries & Eating Out,Groceries,
135,2026-05-16..2026-06-17,2026-05-29,POS Purchase Mr D,429.20,Dr,Groceries & Eating Out,Food delivery,
135,2026-05-16..2026-06-17,2026-05-30,Byc Debit 63026278118,0.81,Dr,Bank Charges & Interest,Misc bank debit,
135,2026-05-16..2026-06-17,2026-05-31,Service Charges From 62724872339,100.05,Dr,Bank Charges & Interest,Linked acct charges,
135,2026-05-16..2026-06-17,2026-06-01,Hybrid Subscription Fee Connect Topup,415.00,Dr,Connectivity & Subscriptions,Connect top-up,
135,2026-05-16..2026-06-17,2026-06-01,Hybrid Subscription Fee Connect Topup,145.00,Dr,Connectivity & Subscriptions,Connect top-up,
135,2026-05-16..2026-06-17,2026-06-01,FNB App Payment To Akoo Justin,700.00,Dr,Family Support,Transfer to person,
135,2026-05-16..2026-06-17,2026-06-01,DebiCheck FNB Home 3000017271,69.00,Dr,Debt & Loans,Home loan admin fee,
135,2026-05-16..2026-06-17,2026-06-01,DebiCheck FNB Connect 8858332521,499.00,Dr,Connectivity & Subscriptions,FNB Connect,
135,2026-05-16..2026-06-17,2026-06-01,DebiCheck FNB Connect 8858332324,749.00,Dr,Connectivity & Subscriptions,FNB Connect,
135,2026-05-16..2026-06-17,2026-06-01,Internal D/O FNB Life Fl68Zw53,33.58,Dr,Insurance & Medical,FNB Life (small policy),
135,2026-05-16..2026-06-17,2026-06-01,Internal D/O WesBank Vehicle Finance,5732.59,Dr,Debt & Loans,WesBank vehicle finance,
135,2026-05-16..2026-06-17,2026-06-01,Internal D/O FNB Structured Loan,21828.65,Dr,Debt & Loans,FNB Structured Loan,
135,2026-05-16..2026-06-17,2026-06-01,Magtape Debit Stratum (Netcash),390.00,Dr,Connectivity & Subscriptions,Stratum,
135,2026-05-16..2026-06-17,2026-06-01,Magtape Debit RSAWEB (Netcash),1299.01,Dr,Connectivity & Subscriptions,RSAWEB fibre 1,
135,2026-05-16..2026-06-17,2026-06-01,Magtape Debit RSAWEB (Netcash),1728.00,Dr,Connectivity & Subscriptions,RSAWEB fibre 2,
135,2026-05-16..2026-06-17,2026-06-01,Magtape Debit Discovery Premium,7578.00,Dr,Insurance & Medical,Discovery premium,
135,2026-05-16..2026-06-17,2026-06-01,Magtape Debit Edgekloof Kl17057,198.50,Dr,Home & Utilities,Edgekloof levy,
135,2026-05-16..2026-06-17,2026-06-01,Magtape Debit Netstar,231.38,Dr,Insurance & Medical,Vehicle tracking,
135,2026-05-16..2026-06-17,2026-06-01,Magtape Debit Edgekloof Kl1705701,399.00,Dr,Home & Utilities,Edgekloof levy,
135,2026-05-16..2026-06-17,2026-06-01,Magtape Debit FWT Ri-3744255,3006.22,Dr,Savings & Investments,EasyEquities TFSA,Tax-free savings account contribution
135,2026-05-16..2026-06-17,2026-06-01,Magtape Debit JAC U260619678,3836.27,Dr,Insurance & Medical,JAC insurance,Insurance premium
135,2026-05-16..2026-06-17,2026-06-05,POS Purchase Learnlogic TheSite,1025.11,Dr,Shopping & Other,Education/online,
135,2026-05-16..2026-06-17,2026-06-06,POS Purchase Payfast Stompies Br,1699.00,Dr,Groceries & Eating Out,Eating out / bar,
135,2026-05-16..2026-06-17,2026-06-06,Byc Debit 63026278118,0.89,Dr,Bank Charges & Interest,Misc bank debit,
135,2026-05-16..2026-06-17,2026-06-08,POS Purchase Takealot,669.00,Dr,Shopping & Other,Online shopping,
135,2026-05-16..2026-06-17,2026-06-08,POS Purchase Frankie Fenner Meat,702.68,Dr,Groceries & Eating Out,Groceries,
135,2026-05-16..2026-06-17,2026-06-09,POS Purchase Frozen For You,885.00,Dr,Groceries & Eating Out,Groceries,
135,2026-05-16..2026-06-17,2026-06-13,POS Purchase Mr D,793.96,Dr,Groceries & Eating Out,Food delivery,
135,2026-05-16..2026-06-17,2026-06-13,Byc Debit 63026278118,0.32,Dr,Bank Charges & Interest,Misc bank debit,
135,2026-05-16..2026-06-17,2026-06-15,POS Purchase Mr D,48.00,Dr,Groceries & Eating Out,Food delivery,
135,2026-05-16..2026-06-17,2026-06-15,Airtime Topup 27745894636,125.00,Dr,Connectivity & Subscriptions,Airtime,
135,2026-05-16..2026-06-17,2026-06-17,FNB OB Coll Fnbinvest Xd3N58D14Q,2500.00,Dr,Savings & Investments,FNB Invest,
136,2026-06-17..2026-07-17,2026-06-18,POS Purchase Smokin Joes Cpt,80.00,Dr,Groceries & Eating Out,Eating out,
136,2026-06-17..2026-07-17,2026-06-18,Monthly account service fee,625.00,Dr,Bank Charges & Interest,Service fee,
136,2026-06-17..2026-07-17,2026-06-20,Byc Debit 63026278118,0.04,Dr,Bank Charges & Interest,Misc bank debit,
136,2026-06-17..2026-07-17,2026-06-23,POS Purchase Mr D,52.14,Dr,Groceries & Eating Out,Food delivery,
136,2026-06-17..2026-07-17,2026-06-23,Prepaid Electricity 09001505313,500.00,Dr,Home & Utilities,Electricity,
136,2026-06-17..2026-07-17,2026-06-25,FNB App Transfer To Credit Card,37000.00,Dr,Credit Card Payments,Credit card,Large lump-sum paydown
136,2026-06-17..2026-07-17,2026-06-25,FNB App Payment From Salary,70000.00,Cr,Income,Salary,
136,2026-06-17..2026-07-17,2026-06-25,DebiCheck FNB Connect 8872638615,579.00,Dr,Connectivity & Subscriptions,FNB Connect,
136,2026-06-17..2026-07-17,2026-06-25,DebiCheck FNB Credit Card Dcre880713,990.47,Dr,Credit Card Payments,Credit card minimum,
136,2026-06-17..2026-07-17,2026-06-25,Internal D/O FNB Life Fl105Gz98,4106.61,Dr,Insurance & Medical,FNB Life,
136,2026-06-17..2026-07-17,2026-06-27,POS Purchase Yoco Innovation,22.00,Dr,Groceries & Eating Out,Eating out,
136,2026-06-17..2026-07-17,2026-06-27,POS Purchase Yoco SE Supermarket,36.00,Dr,Groceries & Eating Out,Groceries,
136,2026-06-17..2026-07-17,2026-06-27,POS Purchase Yoco SE Supermarket,234.00,Dr,Groceries & Eating Out,Groceries,
136,2026-06-17..2026-07-17,2026-06-27,Scheduled Trf To Savings,9000.00,Dr,Savings & Investments,Savings transfer,
136,2026-06-17..2026-07-17,2026-06-27,Byc Debit 63026278118,0.86,Dr,Bank Charges & Interest,Misc bank debit,
136,2026-06-17..2026-07-17,2026-06-30,Service Charges From 62724872339,100.05,Dr,Bank Charges & Interest,Linked acct charges,
136,2026-06-17..2026-07-17,2026-06-30,Prepaid Electricity 09001505313,500.00,Dr,Home & Utilities,Electricity,
136,2026-06-17..2026-07-17,2026-06-30,Magtape Credit Discovery Membership,6245.62,Cr,Income,Discovery refund,
136,2026-06-17..2026-07-17,2026-06-30,DebiCheck FNB Home 3000017271,69.00,Dr,Debt & Loans,Home loan admin fee,
136,2026-06-17..2026-07-17,2026-06-30,Internal D/O WesBank Vehicle Finance,5749.60,Dr,Debt & Loans,WesBank vehicle finance,
136,2026-06-17..2026-07-17,2026-06-30,Internal D/O FNB Structured Loan,21828.65,Dr,Debt & Loans,FNB Structured Loan,
136,2026-06-17..2026-07-17,2026-07-01,DebiCheck FNB Connect 8858332521,499.00,Dr,Connectivity & Subscriptions,FNB Connect,
136,2026-06-17..2026-07-17,2026-07-01,DebiCheck FNB Connect 8858332324,749.00,Dr,Connectivity & Subscriptions,FNB Connect,
136,2026-06-17..2026-07-17,2026-07-01,Hybrid Subscription Fee Connect Topup,145.00,Dr,Connectivity & Subscriptions,Connect top-up,
136,2026-06-17..2026-07-17,2026-07-01,Hybrid Subscription Fee Connect Topup,415.00,Dr,Connectivity & Subscriptions,Connect top-up,
136,2026-06-17..2026-07-17,2026-07-01,Internal D/O FNB Life Fl68Zw53,33.58,Dr,Insurance & Medical,FNB Life (small policy),
136,2026-06-17..2026-07-17,2026-07-01,Magtape Debit Stratum (Netcash),390.00,Dr,Connectivity & Subscriptions,Stratum,
136,2026-06-17..2026-07-17,2026-07-01,Magtape Debit RSAWEB (Netcash),1299.00,Dr,Connectivity & Subscriptions,RSAWEB fibre 1,
136,2026-06-17..2026-07-17,2026-07-01,Magtape Debit RSAWEB (Netcash),1728.01,Dr,Connectivity & Subscriptions,RSAWEB fibre 2,
136,2026-06-17..2026-07-17,2026-07-01,Magtape Debit Discovery Premium,7578.00,Dr,Insurance & Medical,Discovery premium,
136,2026-06-17..2026-07-17,2026-07-01,Magtape Debit Netstar,231.38,Dr,Insurance & Medical,Vehicle tracking,
136,2026-06-17..2026-07-17,2026-07-01,Magtape Debit Edgekloof Kl17057,399.00,Dr,Home & Utilities,Edgekloof levy,
136,2026-06-17..2026-07-17,2026-07-01,Magtape Debit FWT Ri-3787862,3006.22,Dr,Savings & Investments,EasyEquities TFSA,Tax-free savings account contribution
136,2026-06-17..2026-07-17,2026-07-01,Magtape Debit JAC U260716666,3836.27,Dr,Insurance & Medical,JAC insurance,Insurance premium
136,2026-06-17..2026-07-17,2026-07-02,Airtime Topup 27745894636,189.00,Dr,Connectivity & Subscriptions,Airtime,
136,2026-06-17..2026-07-17,2026-07-03,POS Purchase Woolworths,54.99,Dr,Groceries & Eating Out,Groceries,
136,2026-06-17..2026-07-17,2026-07-04,POS Purchase Yoco SE Supermarket,36.00,Dr,Groceries & Eating Out,Groceries,
136,2026-06-17..2026-07-17,2026-07-04,Byc Debit 63026278118,0.01,Dr,Bank Charges & Interest,Misc bank debit,
136,2026-06-17..2026-07-17,2026-07-09,FNB App Payment To Baby Mama,6245.62,Dr,Family Support,Child/family support,Exactly matches the Discovery refund received 30 Jun
136,2026-06-17..2026-07-17,2026-07-09,FNB App Transfer To Credit Card,2300.00,Dr,Credit Card Payments,Credit card,
136,2026-06-17..2026-07-17,2026-07-10,POS Purchase Yoco Innovation,57.20,Dr,Groceries & Eating Out,Eating out,
136,2026-06-17..2026-07-17,2026-07-11,Byc Debit 63026278118,0.80,Dr,Bank Charges & Interest,Misc bank debit,
136,2026-06-17..2026-07-17,2026-07-14,POS Purchase Better Pets,377.00,Dr,Shopping & Other,Pets,
136,2026-06-17..2026-07-17,2026-07-16,FNB App Payment To Credit Card,3000.00,Dr,Credit Card Payments,Credit card,
136,2026-06-17..2026-07-17,2026-07-17,FNB OB Coll Fnbinvest Xd3N58D14Q,2500.00,Dr,Savings & Investments,FNB Invest,
137,2026-07-17..2026-08-17,2026-07-18,PayShap ID Off-Us Lemon,50.00,Dr,Family Support,Transfer to person,
137,2026-07-17..2026-08-17,2026-07-18,Monthly account service fee,655.00,Dr,Bank Charges & Interest,Service fee,Fee increased from 625.00
137,2026-07-17..2026-08-17,2026-07-20,POS Purchase Yoco Wiki Candle,310.00,Dr,Shopping & Other,Retail,
137,2026-07-17..2026-08-17,2026-07-20,FNB App Payment To Credit Card,1000.00,Dr,Credit Card Payments,Credit card,
137,2026-07-17..2026-08-17,2026-07-20,PayShap Account Off-Us Claudia,650.00,Dr,Family Support,Transfer to person,
137,2026-07-17..2026-08-17,2026-07-21,FNB App Payment To Credit Card,1000.00,Dr,Credit Card Payments,Credit card,Account went into overdraft here
137,2026-07-17..2026-08-17,2026-07-22,Prepaid Electricity 09001505313,500.00,Dr,Home & Utilities,Electricity,
137,2026-07-17..2026-08-17,2026-07-23,POS Purchase Vredehoek Service Station,1376.55,Dr,Transport & Fuel,Fuel,
137,2026-07-17..2026-08-17,2026-07-24,POS Purchase Yoco Innovation,57.20,Dr,Groceries & Eating Out,Eating out,
137,2026-07-17..2026-08-17,2026-07-24,POS Purchase BK Rembrandt,104.90,Dr,Groceries & Eating Out,Eating out,
137,2026-07-17..2026-08-17,2026-07-24,FNB App Payment From Salary,70000.00,Cr,Income,Salary,
137,2026-07-17..2026-08-17,2026-07-24,FNB App Payment From Salary Reimbursement,9463.00,Cr,Income,Expense reimbursement,
137,2026-07-17..2026-08-17,2026-07-24,FNB App Transfer To Credit Card,5200.00,Dr,Credit Card Payments,Credit card,
137,2026-07-17..2026-08-17,2026-07-24,FNB App Payment To Justin Gordon,15280.00,Dr,Pass-through,Onward payment,Matched by the Christian Scribe credit the same day
137,2026-07-17..2026-08-17,2026-07-24,FNB App Transfer From Christian Scribe,15280.00,Cr,Pass-through,Money in,Matched by the outgoing payment the same day
137,2026-07-17..2026-08-17,2026-07-25,POS Purchase Payfast Stompies Br,1489.00,Dr,Groceries & Eating Out,Eating out / bar,
137,2026-07-17..2026-08-17,2026-07-25,DebiCheck FNB Connect 8872638615,579.00,Dr,Connectivity & Subscriptions,FNB Connect,
137,2026-07-17..2026-08-17,2026-07-25,Internal D/O FNB Life Fl105Gz98,4106.61,Dr,Insurance & Medical,FNB Life,
137,2026-07-17..2026-08-17,2026-07-25,Byc Debit 63026278118,1.35,Dr,Bank Charges & Interest,Misc bank debit,
137,2026-07-17..2026-08-17,2026-07-27,Scheduled Trf To Savings,9000.00,Dr,Savings & Investments,Savings transfer,
137,2026-07-17..2026-08-17,2026-07-29,POS Purchase Yoco SE Supermarket,60.00,Dr,Groceries & Eating Out,Groceries,
137,2026-07-17..2026-08-17,2026-07-31,Service Charges From 62724872339,103.50,Dr,Bank Charges & Interest,Linked acct charges,
137,2026-07-17..2026-08-17,2026-07-31,DebiCheck FNB Home 3000017271,69.00,Dr,Debt & Loans,Home loan admin fee,
137,2026-07-17..2026-08-17,2026-07-31,Internal D/O WesBank Vehicle Finance,5749.60,Dr,Debt & Loans,WesBank vehicle finance,
137,2026-07-17..2026-08-17,2026-07-31,Internal D/O FNB Structured Loan,21891.23,Dr,Debt & Loans,FNB Structured Loan,
137,2026-07-17..2026-08-17,2026-08-01,Fusion Interest Rebate,1.49,Cr,Bank Charges & Interest,Interest rebate,
137,2026-07-17..2026-08-17,2026-08-01,Hybrid Subscription Fee Connect Topup,145.00,Dr,Connectivity & Subscriptions,Connect top-up,
137,2026-07-17..2026-08-17,2026-08-01,DebiCheck FNB Connect 8858332521,499.00,Dr,Connectivity & Subscriptions,FNB Connect,
137,2026-07-17..2026-08-17,2026-08-01,DebiCheck FNB Connect 8858332324,749.00,Dr,Connectivity & Subscriptions,FNB Connect,
137,2026-07-17..2026-08-17,2026-08-01,Hybrid Subscription Fee Connect Topup,415.00,Dr,Connectivity & Subscriptions,Connect top-up,
137,2026-07-17..2026-08-17,2026-08-01,Internal D/O FNB Life Fl68Zw53,33.58,Dr,Insurance & Medical,FNB Life (small policy),
137,2026-07-17..2026-08-17,2026-08-01,Magtape Debit Stratum (Netcash),390.00,Dr,Connectivity & Subscriptions,Stratum,
137,2026-07-17..2026-08-17,2026-08-01,Magtape Debit RSAWEB (Netcash),1299.01,Dr,Connectivity & Subscriptions,RSAWEB fibre 1,
137,2026-07-17..2026-08-17,2026-08-01,Magtape Debit RSAWEB (Netcash),1728.00,Dr,Connectivity & Subscriptions,RSAWEB fibre 2,
137,2026-07-17..2026-08-17,2026-08-01,Magtape Debit Discovery Premium,7578.00,Dr,Insurance & Medical,Discovery premium,
137,2026-07-17..2026-08-17,2026-08-01,Magtape Debit Netstar,231.38,Dr,Insurance & Medical,Vehicle tracking,
137,2026-07-17..2026-08-17,2026-08-01,Magtape Debit JAC U260813622,3836.27,Dr,Insurance & Medical,JAC insurance,Insurance premium
137,2026-07-17..2026-08-17,2026-08-03,Magtape Debit Edgekloof Kl17057,399.00,Dr,Home & Utilities,Edgekloof levy,
137,2026-07-17..2026-08-17,2026-08-03,Magtape Debit FWT Ri-3830091,3006.22,Dr,Savings & Investments,EasyEquities TFSA,Tax-free savings account contribution
137,2026-07-17..2026-08-17,2026-08-04,POS Purchase Yoco Hoghouse Br,83.60,Dr,Groceries & Eating Out,Eating out,
137,2026-07-17..2026-08-17,2026-08-07,FNB App Transfer From August,10000.00,Cr,Pass-through,Money in,Immediately paid to the credit card
137,2026-07-17..2026-08-17,2026-08-07,FNB App Payment To Credit Card,10000.00,Dr,Credit Card Payments,Credit card,Funded by the transfer received the same day
137,2026-07-17..2026-08-17,2026-08-08,Airtime Topup 27745894636,189.00,Dr,Connectivity & Subscriptions,Airtime,
137,2026-07-17..2026-08-17,2026-08-08,Airtime Topup 27745894636,125.00,Dr,Connectivity & Subscriptions,Airtime,
137,2026-07-17..2026-08-17,2026-08-08,Byc Debit 63026278118,0.40,Dr,Bank Charges & Interest,Misc bank debit,
137,2026-07-17..2026-08-17,2026-08-11,POS Purchase Yoco SE Supermarket,84.00,Dr,Groceries & Eating Out,Groceries,
137,2026-07-17..2026-08-17,2026-08-17,FNB OB Coll Fnbinvest Xd3N58D14Q,2500.00,Dr,Savings & Investments,FNB Invest,
137,2026-07-17..2026-08-17,2026-08-17,Interest On Debit Balance,3.48,Dr,Bank Charges & Interest,Overdraft interest,
137,2026-07-17..2026-08-17,2026-08-17,Debit Interest Rebate,1.24,Cr,Bank Charges & Interest,Interest rebate,
137,2026-07-17..2026-08-17,2026-08-17,Other bank fee,35.00,Dr,Bank Charges & Interest,Other fee,
138,2026-08-17..2026-09-17,2026-08-18,Monthly account service fee,655.00,Dr,Bank Charges & Interest,Service fee,
138,2026-08-17..2026-09-17,2026-08-19,POS Purchase Checkers Kloof Street,36.99,Dr,Groceries & Eating Out,Groceries,
138,2026-08-17..2026-09-17,2026-08-20,POS Purchase Yoco Brickfield,242.00,Dr,Groceries & Eating Out,Eating out,
138,2026-08-17..2026-09-17,2026-08-20,FNB App Transfer From Pool And Tickets,30000.00,Cr,Income,External transfer in,Funded the 26000 of card payments the same day
138,2026-08-17..2026-09-17,2026-08-20,FNB App Transfer To Credit Card,10000.00,Dr,Credit Card Payments,Card 4002,Matches the 20 Aug credit on card statement 132
138,2026-08-17..2026-09-17,2026-08-20,FNB App Payment To Credit,16000.00,Dr,Credit Card Payments,Second credit account,Does not appear on card 4002 - see the Transfer vs Payment split
138,2026-08-17..2026-09-17,2026-08-21,POS Purchase Yoco Se Supermarket,86.80,Dr,Groceries & Eating Out,Groceries,
138,2026-08-17..2026-09-17,2026-08-21,POS Purchase Granola Inc,234.78,Dr,Groceries & Eating Out,Groceries,
138,2026-08-17..2026-09-17,2026-08-22,Service fee balance,6.46,Dr,Bank Charges & Interest,Service fee,Brings the monthly fee to 661.46
138,2026-08-17..2026-09-17,2026-08-22,Byc Debit 63026278118,0.43,Dr,Bank Charges & Interest,Misc bank debit,
138,2026-08-17..2026-09-17,2026-08-24,PayShap Account Off-Us,505.00,Dr,Family Support,Transfer to person,
138,2026-08-17..2026-09-17,2026-08-25,FNB App Payment From Salary,70000.00,Cr,Income,Salary,
138,2026-08-17..2026-09-17,2026-08-25,DebiCheck FNB Connect 8872638615,579.00,Dr,Connectivity & Subscriptions,FNB Connect,
138,2026-08-17..2026-09-17,2026-08-25,Internal D/O FNB Life Fl105Gz98,4106.61,Dr,Insurance & Medical,FNB Life,
138,2026-08-17..2026-09-17,2026-08-26,POS Purchase Canopy By Hilton,78.00,Dr,Travel & Leisure,Travel,
138,2026-08-17..2026-09-17,2026-08-26,POS Purchase Hpy Urbanconnect,100.00,Dr,Travel & Leisure,Travel,
138,2026-08-17..2026-09-17,2026-08-27,Scheduled Trf To Savings,9000.00,Dr,Savings & Investments,Savings transfer,
138,2026-08-17..2026-09-17,2026-08-31,Service Charges From 62724872339,103.50,Dr,Bank Charges & Interest,Linked acct charges,
138,2026-08-17..2026-09-17,2026-08-31,DebiCheck FNB Home 3000017271,69.00,Dr,Debt & Loans,Home loan admin fee,
138,2026-08-17..2026-09-17,2026-08-31,Internal D/O WesBank Vehicle Finance,5749.60,Dr,Debt & Loans,WesBank vehicle finance,
138,2026-08-17..2026-09-17,2026-08-31,Internal D/O FNB Structured Loan,22202.79,Dr,Debt & Loans,FNB Structured Loan,Third increase - up 311.56 from July
138,2026-08-17..2026-09-17,2026-09-01,POS Purchase Mr D,468.80,Dr,Groceries & Eating Out,Food delivery,
138,2026-08-17..2026-09-17,2026-09-01,Hybrid Subscription Fee Connect Topup,415.00,Dr,Connectivity & Subscriptions,Connect top-up,
138,2026-08-17..2026-09-17,2026-09-01,DebiCheck FNB Connect 8858332521,499.00,Dr,Connectivity & Subscriptions,FNB Connect,
138,2026-08-17..2026-09-17,2026-09-01,DebiCheck FNB Connect 8858332324,749.00,Dr,Connectivity & Subscriptions,FNB Connect,
138,2026-08-17..2026-09-17,2026-09-01,Hybrid Subscription Fee Connect Topup,145.00,Dr,Connectivity & Subscriptions,Connect top-up,
138,2026-08-17..2026-09-17,2026-09-01,Internal D/O FNB Life Fl68Zw53,33.58,Dr,Insurance & Medical,FNB Life (small policy),
138,2026-08-17..2026-09-17,2026-09-01,Magtape Debit Stratum,390.00,Dr,Connectivity & Subscriptions,Stratum,
138,2026-08-17..2026-09-17,2026-09-01,Magtape Debit RSAWEB,1299.00,Dr,Connectivity & Subscriptions,RSAWEB fibre 1,
138,2026-08-17..2026-09-17,2026-09-01,Magtape Debit RSAWEB,1728.00,Dr,Connectivity & Subscriptions,RSAWEB fibre 2,
138,2026-08-17..2026-09-17,2026-09-01,Magtape Debit Discovery Premium,7578.00,Dr,Insurance & Medical,Discovery premium,
138,2026-08-17..2026-09-17,2026-09-01,Magtape Debit Netstar,231.38,Dr,Insurance & Medical,Vehicle tracking,
138,2026-08-17..2026-09-17,2026-09-01,Magtape Debit Edgekloof Kl17057,399.00,Dr,Home & Utilities,Edgekloof levy,
138,2026-08-17..2026-09-17,2026-09-01,Magtape Debit Ril Res001 282060,850.00,Dr,Unidentified Recurring,Ril Res001,NEW this cycle - first appearance - please identify
138,2026-08-17..2026-09-17,2026-09-01,Magtape Debit FWT Ri-3872010,3006.22,Dr,Savings & Investments,EasyEquities TFSA,Tax-free savings account contribution
138,2026-08-17..2026-09-17,2026-09-01,Magtape Debit JAC U260914046,3836.27,Dr,Insurance & Medical,JAC insurance,Insurance premium
138,2026-08-17..2026-09-17,2026-09-05,POS Purchase Yoco Se Supermarket,122.00,Dr,Groceries & Eating Out,Groceries,
138,2026-08-17..2026-09-17,2026-09-05,Byc Debit 63026278118,0.20,Dr,Bank Charges & Interest,Misc bank debit,
138,2026-08-17..2026-09-17,2026-09-07,POS Purchase Yoco Bruce Beyer,920.00,Dr,Groceries & Eating Out,Eating out,
138,2026-08-17..2026-09-17,2026-09-08,Airtime Topup 27745894636,125.00,Dr,Connectivity & Subscriptions,Airtime,
138,2026-08-17..2026-09-17,2026-09-09,FNB App Transfer From Fif Payment,200000.00,Cr,Pass-through,Money in,Funded the capital repayment the same day
138,2026-08-17..2026-09-17,2026-09-09,FNB App Payment To Capital Repayment,200000.00,Dr,Pass-through,Capital repayment,R200000 off a loan - the single biggest event in the dataset
138,2026-08-17..2026-09-17,2026-09-15,POS Purchase Mr D,689.00,Dr,Groceries & Eating Out,Food delivery,
138,2026-08-17..2026-09-17,2026-09-17,FNB OB Coll Fnbinvest Xd3N58D14Q,2500.00,Dr,Savings & Investments,FNB Invest,
